Date,High,Low,Open,Close,Volume,Adj Close
1970-01-31,86.33000183105469,84.41999816894531,0.0,85.0199966430664,12320000,85.0199966430664
1970-02-28,90.33000183105469,88.41999816894531,0.0,89.5,12890000,89.5
1970-03-31,90.16999816894531,88.8499984741211,0.0,89.62999725341797,8370000,89.62999725341797
1970-04-30,82.56999969482422,80.76000213623047,0.0,81.5199966430664,9880000,81.5199966430664
1970-05-31,76.91999816894531,73.52999877929688,0.0,76.55000305175781,14630000,76.55000305175781
1970-06-30,73.88999938964844,72.25,0.0,72.72000122070312,9280000,72.72000122070312
1970-07-31,79.02999877929688,77.44000244140625,0.0,78.05000305175781,11640000,78.05000305175781
1970-08-31,82.33000183105469,80.94999694824219,0.0,81.5199966430664,10740000,81.5199966430664
1970-09-30,84.98999786376953,82.77999877929688,0.0,84.30000305175781,14830000,84.30000305175781
1970-10-31,83.80000305175781,82.5199966430664,0.0,83.25,10520000,83.25
1970-11-30,87.5999984741211,85.79000091552734,0.0,87.19999694824219,17700000,87.19999694824219
1970-12-31,92.79000091552734,91.36000061035156,0.0,92.1500015258789,13390000,92.1500015258789
1971-01-31,96.48999786376953,94.79000091552734,0.0,95.87999725341797,20960000,95.87999725341797
1971-02-28,97.54000091552734,95.83999633789062,0.0,96.75,17250000,96.75
1971-03-31,101.05000305175781,99.69000244140625,0.0,100.30999755859375,17610000,100.30999755859375
1971-04-30,104.95999908447266,103.25,0.0,103.94999694824219,17490000,103.94999694824219
1971-05-31,100.16999816894531,98.68000030517578,0.0,99.62999725341797,11760000,99.62999725341797
1971-06-30,100.29000091552734,98.68000030517578,0.0,98.69999694824219,15410000,98.69999694824219
1971-07-31,96.77999877929688,95.08000183105469,0.0,95.58000183105469,12970000,95.58000183105469
1971-08-31,99.76000213623047,98.31999969482422,0.0,99.02999877929688,10430000,99.02999877929688
1971-09-30,98.97000122070312,97.4800033569336,0.0,98.33999633789062,13490000,98.33999633789062
1971-10-31,94.70999908447266,93.27999877929688,0.0,94.2300033569336,11710000,94.2300033569336
1971-11-30,94.43000030517578,92.51000213623047,0.0,93.98999786376953,18320000,93.98999786376953
1971-12-31,102.08999633789062,102.08999633789062,0.0,102.08999633789062,14040000,102.08999633789062
1972-01-31,104.87999725341797,103.30000305175781,0.0,103.94000244140625,18250000,103.94000244140625
1972-02-29,107.16000366210938,105.44999694824219,0.0,106.56999969482422,20320000,106.56999969482422
1972-03-31,107.66999816894531,106.06999969482422,0.0,107.19999694824219,14360000,107.19999694824219
1972-04-30,108.27999877929688,106.69999694824219,0.0,107.66999816894531,14160000,107.66999816894531
1972-05-31,110.5199966430664,108.91999816894531,0.0,109.52999877929688,15230000,109.52999877929688
1972-06-30,107.91000366210938,106.4000015258789,0.0,107.13999938964844,12860000,107.13999938964844
1972-07-31,108.05999755859375,106.5999984741211,0.0,107.38999938964844,11120000,107.38999938964844
1972-08-31,111.5199966430664,110.08000183105469,0.0,111.08999633789062,12340000,111.08999633789062
1972-09-30,110.55000305175781,108.05000305175781,0.0,110.55000305175781,16250000,110.55000305175781
1972-10-31,112.05000305175781,110.4000015258789,0.0,111.58000183105469,15450000,111.58000183105469
1972-11-30,117.38999938964844,115.73999786376953,0.0,116.66999816894531,19340000,116.66999816894531
1972-12-31,118.7699966430664,116.69999694824219,0.0,118.05000305175781,27550000,118.05000305175781
1973-01-31,116.83999633789062,115.05000305175781,0.0,116.02999877929688,14870000,116.02999877929688
1973-02-28,112.20999908447266,109.80000305175781,0.0,111.68000030517578,17950000,111.68000030517578
1973-03-31,112.87000274658203,110.88999938964844,0.0,111.5199966430664,13740000,111.5199966430664
1973-04-30,107.9000015258789,105.44000244140625,0.0,106.97000122070312,14820000,106.97000122070312
1973-05-31,106.30000305175781,104.3499984741211,0.0,104.94999694824219,12190000,104.94999694824219
1973-06-30,105.30000305175781,103.68000030517578,0.0,104.26000213623047,10770000,104.26000213623047
1973-07-31,110.08999633789062,107.88999938964844,0.0,108.22000122070312,13530000,108.22000122070312
1973-08-31,104.72000122070312,103.1500015258789,0.0,104.25,10530000,104.25
1973-09-30,109.41999816894531,107.4800033569336,0.0,108.43000030517578,16300000,108.43000030517578
1973-10-31,109.81999969482422,107.63999938964844,0.0,108.29000091552734,17890000,108.29000091552734
1973-11-30,97.55000305175781,95.4000015258789,0.0,95.95999908447266,15380000,95.95999908447266
1973-12-31,98.30000305175781,95.94999694824219,0.0,97.55000305175781,23470000,97.55000305175781
1974-01-31,98.05999755859375,96.11000061035156,0.0,96.56999969482422,14020000,96.56999969482422
1974-02-28,96.9800033569336,95.19999694824219,0.0,96.22000122070312,13680000,96.22000122070312
1974-03-31,95.12000274658203,93.44000244140625,0.0,93.9800033569336,12150000,93.9800033569336
1974-04-30,91.08999633789062,89.37999725341797,0.0,90.30999755859375,10980000,90.30999755859375
1974-05-31,88.0199966430664,86.19000244140625,0.0,87.27999877929688,10810000,87.27999877929688
1974-06-30,86.77999877929688,85.12999725341797,0.0,86.0,12010000,86.0
1974-07-31,80.81999969482422,78.95999908447266,0.0,79.30999755859375,10960000,79.30999755859375
1974-08-31,72.68000030517578,70.22000122070312,0.0,72.1500015258789,16230000,72.1500015258789
1974-09-30,64.8499984741211,62.52000045776367,0.0,63.540000915527344,15000000,63.540000915527344
1974-10-31,75.9000015258789,73.1500015258789,0.0,73.9000015258789,18840000,73.9000015258789
1974-11-30,70.48999786376953,69.18000030517578,0.0,69.97000122070312,7400000,69.97000122070312
1974-12-31,69.04000091552734,67.1500015258789,0.0,68.55999755859375,20970000,68.55999755859375
1975-01-31,77.72000122070312,75.41000366210938,0.0,76.9800033569336,24640000,76.9800033569336
1975-02-28,82.0199966430664,80.06999969482422,0.0,81.58999633789062,17560000,81.58999633789062
1975-03-31,84.62000274658203,82.83999633789062,0.0,83.36000061035156,16270000,83.36000061035156
1975-04-30,87.61000061035156,85.0,0.0,87.30000305175781,18060000,87.30000305175781
1975-05-31,91.62000274658203,89.87000274658203,0.0,91.1500015258789,22670000,91.1500015258789
1975-06-30,95.8499984741211,94.30000305175781,0.0,95.19000244140625,19430000,95.19000244140625
1975-07-31,90.06999969482422,88.30999755859375,0.0,88.75,14540000,88.75
1975-08-31,87.7300033569336,86.0999984741211,0.0,86.87999725341797,15480000,86.87999725341797
1975-09-30,85.01000213623047,83.44000244140625,0.0,83.87000274658203,12520000,83.87000274658203
1975-10-31,89.80000305175781,88.3499984741211,0.0,89.04000091552734,12910000,89.04000091552734
1975-11-30,91.73999786376953,90.44000244140625,0.0,91.23999786376953,12870000,91.23999786376953
1975-12-31,90.75,89.16999816894531,0.0,90.19000244140625,16970000,90.19000244140625
1976-01-31,101.98999786376953,99.94000244140625,0.0,100.86000061035156,38510000,100.86000061035156
1976-02-29,100.52999877929688,98.5999984741211,0.0,99.70999908447266,26940000,99.70999908447266
1976-03-31,103.08000183105469,101.5999984741211,0.0,102.7699966430664,17520000,102.7699966430664
1976-04-30,102.6500015258789,101.16000366210938,0.0,101.63999938964844,14530000,101.63999938964844
1976-05-31,100.63999938964844,99.0,0.0,100.18000030517578,16860000,100.18000030517578
1976-06-30,105.06999969482422,103.5199966430664,0.0,104.27999877929688,23830000,104.27999877929688
1976-07-31,103.87999725341797,102.47000122070312,0.0,103.44000244140625,14830000,103.44000244140625
1976-08-31,103.37999725341797,101.94000244140625,0.0,102.91000366210938,15480000,102.91000366210938
1976-09-30,105.83999633789062,104.56999969482422,0.0,105.23999786376953,14700000,105.23999786376953
1976-10-31,103.0999984741211,101.1500015258789,0.0,102.9000015258789,17030000,102.9000015258789
1976-11-30,102.72000122070312,101.45999908447266,0.0,102.0999984741211,17030000,102.0999984741211
1976-12-31,107.81999969482422,106.55000305175781,0.0,107.45999908447266,19170000,107.45999908447266
1977-01-31,102.44000244140625,100.91000366210938,0.0,102.02999877929688,22920000,102.02999877929688
1977-02-28,100.05999755859375,98.91000366210938,0.0,99.81999969482422,16220000,99.81999969482422
1977-03-31,99.13999938964844,97.80000305175781,0.0,98.41999816894531,16510000,98.41999816894531
1977-04-30,98.87000274658203,97.58000183105469,0.0,98.44000244140625,18330000,98.44000244140625
1977-05-31,96.75,95.5199966430664,0.0,96.12000274658203,17800000,96.12000274658203
1977-06-30,100.87999725341797,99.68000030517578,0.0,100.4800033569336,19410000,100.4800033569336
1977-07-31,99.20999908447266,97.70999908447266,0.0,98.8499984741211,20350000,98.8499984741211
1977-08-31,97.0,95.58999633789062,0.0,96.7699966430664,19080000,96.7699966430664
1977-09-30,96.8499984741211,95.66000366210938,0.0,96.52999877929688,21170000,96.52999877929688
1977-10-31,93.02999877929688,91.8499984741211,0.0,92.33999633789062,17070000,92.33999633789062
1977-11-30,95.16999816894531,93.77999877929688,0.0,94.83000183105469,22670000,94.83000183105469
1977-12-31,95.66999816894531,94.44000244140625,0.0,95.0999984741211,23560000,95.0999984741211
1978-01-31,89.91999816894531,88.61000061035156,0.0,89.25,19870000,89.25
1978-02-28,87.76000213623047,86.58000183105469,0.0,87.04000091552734,19750000,87.04000091552734
1978-03-31,89.63999938964844,88.68000030517578,0.0,89.20999908447266,20130000,89.20999908447266
1978-04-30,97.0999984741211,95.23999786376953,0.0,96.83000183105469,32850000,96.83000183105469
1978-05-31,97.97000122070312,96.5,0.0,97.23999786376953,29070000,97.23999786376953
1978-06-30,95.95999908447266,94.87000274658203,0.0,95.52999877929688,18100000,95.52999877929688
1978-07-31,101.18000030517578,99.37000274658203,0.0,100.68000030517578,33990000,100.68000030517578
1978-08-31,104.05000305175781,102.62999725341797,0.0,103.29000091552734,33850000,103.29000091552734
1978-09-30,103.08000183105469,101.6500015258789,0.0,102.54000091552734,23610000,102.54000091552734
1978-10-31,95.80000305175781,92.72000122070312,0.0,93.1500015258789,42720000,93.1500015258789
1978-11-30,94.94000244140625,93.29000091552734,0.0,94.69999694824219,19900000,94.69999694824219
1978-12-31,97.02999877929688,95.4800033569336,0.0,96.11000061035156,30030000,96.11000061035156
1979-01-31,101.41000366210938,99.47000122070312,0.0,99.93000030517578,30330000,99.93000030517578
1979-02-28,96.69000244140625,95.37999725341797,0.0,96.27999877929688,25090000,96.27999877929688
1979-03-31,102.51000213623047,101.02999877929688,0.0,101.58999633789062,29970000,101.58999633789062
1979-04-30,102.23999786376953,100.91000366210938,0.0,101.76000213623047,26440000,101.76000213623047
1979-05-31,99.61000061035156,98.29000091552734,0.0,99.08000183105469,30300000,99.08000183105469
1979-06-30,103.66999816894531,102.04000091552734,0.0,102.91000366210938,34690000,102.91000366210938
1979-07-31,104.26000213623047,102.88999938964844,0.0,103.80999755859375,34360000,103.80999755859375
1979-08-31,109.80000305175781,108.58000183105469,0.0,109.31999969482422,26370000,109.31999969482422
1979-09-30,110.66999816894531,108.69999694824219,0.0,109.31999969482422,35950000,109.31999969482422
1979-10-31,103.16000366210938,101.37999725341797,0.0,101.81999969482422,27780000,101.81999969482422
1979-11-30,107.16000366210938,105.55999755859375,0.0,106.16000366210938,30480000,106.16000366210938
1979-12-31,108.52999877929688,107.26000213623047,0.0,107.94000244140625,31530000,107.94000244140625
1980-01-31,117.16999816894531,113.77999877929688,0.0,114.16000366210938,65900000,114.16000366210938
1980-02-29,114.12000274658203,111.7699966430664,0.0,113.66000366210938,38810000,113.66000366210938
1980-03-31,102.6500015258789,100.0199966430664,0.0,102.08999633789062,35840000,102.08999633789062
1980-04-30,106.72000122070312,104.5,0.0,106.29000091552734,30850000,106.29000091552734
1980-05-31,111.55000305175781,108.87000274658203,0.0,111.23999786376953,34820000,111.23999786376953
1980-06-30,116.04000091552734,113.55000305175781,0.0,114.23999786376953,29910000,114.23999786376953
1980-07-31,122.33999633789062,119.4000015258789,0.0,121.66999816894531,54610000,121.66999816894531
1980-08-31,123.01000213623047,121.05999755859375,0.0,122.37999725341797,33510000,122.37999725341797
1980-09-30,126.08999633789062,123.54000091552734,0.0,125.45999908447266,40290000,125.45999908447266
1980-10-31,128.24000549316406,125.29000091552734,0.0,127.47000122070312,40110000,127.47000122070312
1980-11-30,141.5399932861328,139.0,0.0,140.52000427246094,34240000,140.52000427246094
1980-12-31,136.75999450683594,134.2899932861328,0.0,135.75999450683594,41210000,135.75999450683594
1981-01-31,131.64999389648438,128.61000061035156,0.0,129.5500030517578,41160000,129.5500030517578
1981-02-28,132.02000427246094,129.35000610351562,0.0,131.27000427246094,53210000,131.27000427246094
1981-03-31,137.14999389648438,134.67999267578125,0.0,136.0,50980000,136.0
1981-04-30,134.44000244140625,131.85000610351562,0.0,132.80999755859375,47970000,132.80999755859375
1981-05-31,134.36000061035156,131.52000427246094,0.0,132.58999633789062,51580000,132.58999633789062
1981-06-30,132.6699981689453,130.30999755859375,0.0,131.2100067138672,41550000,131.2100067138672
1981-07-31,131.77999877929688,129.60000610351562,0.0,130.9199981689453,43480000,130.9199981689453
1981-08-31,125.58000183105469,122.29000091552734,0.0,122.79000091552734,40360000,122.79000091552734
1981-09-30,117.05000305175781,114.5999984741211,0.0,116.18000030517578,40700000,116.18000030517578
1981-10-31,122.52999877929688,118.43000030517578,0.0,121.88999938964844,59570000,121.88999938964844
1981-11-30,126.97000122070312,124.18000030517578,0.0,126.3499984741211,47580000,126.3499984741211
1981-12-31,123.41999816894531,121.56999969482422,0.0,122.55000305175781,40780000,122.55000305175781
1982-01-31,121.37999725341797,118.63999938964844,0.0,120.4000015258789,73400000,120.4000015258789
1982-02-28,114.01000213623047,112.04000091552734,0.0,113.11000061035156,43840000,113.11000061035156
1982-03-31,113.16999816894531,111.31999969482422,0.0,111.95999908447266,43300000,111.95999908447266
1982-04-30,116.77999877929688,116.06999969482422,116.20999908447266,116.44000244140625,48200000,116.44000244140625
1982-05-31,112.80000305175781,111.66000366210938,112.79000091552734,111.87999725341797,43900000,111.87999725341797
1982-06-30,111.0,109.5,110.94999694824219,109.61000061035156,65280000,109.61000061035156
1982-07-31,107.94999694824219,107.01000213623047,107.3499984741211,107.08999633789062,39270000,107.08999633789062
1982-08-31,119.5999984741211,117.6500015258789,117.6500015258789,119.51000213623047,86360000,119.51000213623047
1982-09-30,121.62000274658203,120.13999938964844,121.62000274658203,120.41999816894531,62610000,120.41999816894531
1982-10-31,134.02000427246094,132.63999938964844,133.5399932861328,133.72000122070312,74830000,133.72000122070312
1982-11-30,138.52999877929688,134.19000244140625,134.1999969482422,138.52999877929688,93470000,138.52999877929688
1982-12-31,140.77999877929688,140.27000427246094,140.33999633789062,140.63999938964844,42110000,140.63999938964844
1983-01-31,145.3000030517578,143.92999267578125,144.50999450683594,145.3000030517578,67140000,145.3000030517578
1983-02-28,149.74000549316406,147.80999755859375,149.74000549316406,148.05999755859375,83750000,148.05999755859375
1983-03-31,155.02000427246094,152.86000061035156,153.41000366210938,152.9600067138672,100570000,152.9600067138672
1983-04-30,164.42999267578125,162.72000122070312,162.97000122070312,164.42999267578125,105750000,164.42999267578125
1983-05-31,164.44000244140625,162.1199951171875,164.44000244140625,162.38999938964844,73910000,162.38999938964844
1983-06-30,167.63999938964844,167.63999938964844,167.63999938964844,167.63999938964844,76310000,167.63999938964844
1983-07-31,165.02999877929688,161.5,165.02999877929688,162.55999755859375,95240000,162.55999755859375
1983-08-31,164.39999389648438,162.32000732421875,162.5500030517578,164.39999389648438,80800000,164.39999389648438
1983-09-30,167.22999572753906,165.6300048828125,167.22999572753906,166.07000732421875,70860000,166.07000732421875
1983-10-31,164.5800018310547,162.86000061035156,163.3699951171875,163.5500030517578,79460000,163.5500030517578
1983-11-30,168.07000732421875,166.3300018310547,167.91000366210938,166.39999389648438,120130000,166.39999389648438
1983-12-31,165.0500030517578,164.5800018310547,164.86000061035156,164.92999267578125,71840000,164.92999267578125
1984-01-31,163.60000610351562,162.02999877929688,162.8699951171875,163.41000366210938,113510000,163.41000366210938
1984-02-29,158.27000427246094,156.41000366210938,156.82000732421875,157.05999755859375,92810000,157.05999755859375
1984-03-31,159.52000427246094,158.9199981689453,159.52000427246094,159.17999267578125,71590000,159.17999267578125
1984-04-30,160.42999267578125,159.3000030517578,159.88999938964844,160.0500030517578,72740000,160.0500030517578
1984-05-31,150.69000244140625,149.75999450683594,150.35000610351562,150.5500030517578,81890000,150.5500030517578
1984-06-30,154.0800018310547,152.82000732421875,152.83999633789062,153.17999267578125,90770000,153.17999267578125
1984-07-31,150.77000427246094,149.64999389648438,150.19000244140625,150.66000366210938,86910000,150.66000366210938
1984-08-31,166.67999267578125,165.77999877929688,166.60000610351562,166.67999267578125,57460000,166.67999267578125
1984-09-30,166.9600067138672,165.77000427246094,166.9600067138672,166.10000610351562,78950000,166.10000610351562
1984-10-31,166.9499969482422,165.99000549316406,166.74000549316406,166.08999633789062,91890000,166.08999633789062
1984-11-30,163.91000366210938,162.99000549316406,163.91000366210938,163.5800018310547,77580000,163.5800018310547
1984-12-31,167.33999633789062,166.05999755859375,166.25999450683594,167.24000549316406,80260000,167.24000549316406
1985-01-31,179.8300018310547,178.55999755859375,179.38999938964844,179.6300048828125,132500000,179.6300048828125
1985-02-28,181.2100067138672,180.3300018310547,180.7100067138672,181.17999267578125,100700000,181.17999267578125
1985-03-31,180.66000366210938,179.5399932861328,179.5399932861328,180.66000366210938,101400000,180.66000366210938
1985-04-30,180.6300048828125,178.86000061035156,180.6300048828125,179.8300018310547,111800000,179.8300018310547
1985-05-31,189.58999633789062,187.4499969482422,187.75,189.5500030517578,134100000,189.5500030517578
1985-06-30,191.85000610351562,191.0399932861328,191.22999572753906,191.85000610351562,105200000,191.85000610351562
1985-07-31,191.3300018310547,189.92999267578125,189.92999267578125,190.9199981689453,124200000,190.9199981689453
1985-08-31,189.1300048828125,188.0,188.92999267578125,188.6300048828125,81620000,188.6300048828125
1985-09-30,182.0800018310547,181.22000122070312,181.3000030517578,182.0800018310547,103600000,182.0800018310547
1985-10-31,190.14999389648438,189.35000610351562,190.07000732421875,189.82000732421875,121500000,189.82000732421875
1985-11-30,203.39999389648438,201.9199981689453,202.5399932861328,202.1699981689453,84060000,202.1699981689453
1985-12-31,211.61000061035156,210.67999267578125,210.67999267578125,211.27999877929688,112700000,211.27999877929688
1986-01-31,212.4199981689453,209.19000244140625,209.3300018310547,211.77999877929688,143500000,211.77999877929688
1986-02-28,227.9199981689453,225.4199981689453,226.77000427246094,226.9199981689453,191700000,226.9199981689453
1986-03-31,239.86000061035156,238.0800018310547,238.97000122070312,238.89999389648438,134400000,238.89999389648438
1986-04-30,240.52000427246094,235.25999450683594,240.52000427246094,235.52000427246094,147500000,235.52000427246094
1986-05-31,249.19000244140625,246.42999267578125,247.97999572753906,247.35000610351562,151200000,247.35000610351562
1986-06-30,251.80999755859375,249.60000610351562,249.60000610351562,250.83999633789062,135100000,250.83999633789062
1986-07-31,236.9199981689453,235.88999938964844,236.58999633789062,236.1199951171875,112700000,236.1199951171875
1986-08-31,254.07000732421875,251.72999572753906,252.83999633789062,252.92999267578125,125300000,252.92999267578125
1986-09-30,233.00999450683594,229.91000366210938,229.91000366210938,231.32000732421875,124900000,231.32000732421875
1986-10-31,244.50999450683594,242.9499969482422,243.6999969482422,243.97999572753906,147200000,243.97999572753906
1986-11-30,249.22000122070312,248.07000732421875,248.82000732421875,249.22000122070312,93530000,249.22000122070312
1986-12-31,244.02999877929688,241.27999877929688,243.3699951171875,242.1699981689453,139200000,242.1699981689453
1987-01-31,274.239990234375,271.3800048828125,274.239990234375,274.0799865722656,163400000,274.0799865722656
1987-02-28,284.54998779296875,282.7699890136719,282.9599914550781,284.20001220703125,142800000,284.20001220703125
1987-03-31,291.8699951171875,289.07000732421875,289.2099914550781,291.70001220703125,171800000,291.70001220703125
1987-04-30,290.0799865722656,284.57000732421875,284.5799865722656,288.3599853515625,183100000,288.3599853515625
1987-05-31,292.8699951171875,289.70001220703125,290.7699890136719,290.1000061035156,153500000,290.1000061035156
1987-06-30,308.0,303.010009765625,307.8900146484375,304.0,165500000,304.0
1987-07-31,318.8500061035156,317.55999755859375,318.04998779296875,318.6600036621094,181900000,318.6600036621094
1987-08-31,330.0899963378906,326.989990234375,327.0299987792969,329.79998779296875,165800000,329.79998779296875
1987-09-30,322.5299987792969,320.1600036621094,321.69000244140625,321.8299865722656,183100000,321.8299865722656
1987-10-31,254.0399932861328,244.77000427246094,244.77000427246094,251.7899932861328,303400000,251.7899932861328
1987-11-30,240.33999633789062,225.75,240.27000427246094,230.3000030517578,268910000,230.3000030517578
1987-12-31,247.86000061035156,245.22000122070312,247.83999633789062,247.0800018310547,170140000,247.0800018310547
1988-01-31,257.07000732421875,252.6999969482422,253.30999755859375,257.07000732421875,211880000,257.07000732421875
1988-02-29,267.82000732421875,262.4599914550781,262.4599914550781,267.82000732421875,236050000,267.82000732421875
1988-03-31,259.0299987792969,256.1600036621094,258.0299987792969,258.8900146484375,139870000,258.8900146484375
1988-04-30,262.6099853515625,259.9700012207031,262.5899963378906,261.3299865722656,135620000,261.3299865722656
1988-05-31,262.1600036621094,253.4199981689453,253.44000244140625,262.1600036621094,247610000,262.1600036621094
1988-06-30,273.510009765625,270.9700012207031,271.0,273.5,227410000,273.5
1988-07-31,272.0199890136719,266.0199890136719,266.0400085449219,272.0199890136719,192340000,272.0199890136719
1988-08-31,263.79998779296875,261.2099914550781,262.510009765625,261.5199890136719,130480000,261.5199890136719
1988-09-30,274.8699951171875,271.6600036621094,272.54998779296875,271.9100036621094,175750000,271.9100036621094
1988-10-31,279.3900146484375,277.1400146484375,278.5400085449219,278.9700012207031,143460000,278.9700012207031
1988-11-30,274.3599853515625,270.8999938964844,270.9100036621094,273.70001220703125,157810000,273.70001220703125
1988-12-31,279.7799987792969,277.7200012207031,279.3900146484375,277.7200012207031,127210000,277.7200012207031
1989-01-31,297.510009765625,293.57000732421875,294.989990234375,297.4700012207031,194050000,297.4700012207031
1989-02-28,289.4200134277344,287.6300048828125,287.82000732421875,288.8599853515625,147430000,288.8599853515625
1989-03-31,294.9599914550781,292.5199890136719,292.5199890136719,294.8699951171875,170960000,294.8699951171875
1989-04-30,309.6499938964844,308.4800109863281,309.5799865722656,309.6400146484375,158390000,309.6400146484375
1989-05-31,321.29998779296875,318.67999267578125,319.04998779296875,320.5199890136719,162530000,320.5199890136719
1989-06-30,319.9700012207031,314.3800048828125,319.6700134277344,317.9800109863281,170490000,317.9800109863281
1989-07-31,346.0799865722656,342.0199890136719,342.1300048828125,346.0799865722656,166650000,346.0799865722656
1989-08-31,351.45001220703125,350.2099914550781,350.6499938964844,351.45001220703125,144820000,351.45001220703125
1989-09-30,350.30999755859375,348.1199951171875,348.6000061035156,349.1499938964844,155300000,349.1499938964844
1989-10-31,340.8599853515625,335.07000732421875,335.0799865722656,340.3599853515625,176100000,340.3599853515625
1989-11-30,346.5,343.57000732421875,343.6000061035156,345.989990234375,153200000,345.989990234375
1989-12-31,353.4100036621094,350.6700134277344,350.67999267578125,353.3999938964844,145940000,353.3999938964844
1990-01-31,329.0799865722656,322.9800109863281,322.9800109863281,329.0799865722656,189660000,329.0799865722656
1990-02-28,333.4800109863281,330.1600036621094,330.260009765625,331.8900146484375,184400000,331.8900146484375
1990-03-31,341.4100036621094,338.2099914550781,340.7900085449219,339.94000244140625,139340000,339.94000244140625
1990-04-30,331.30999755859375,327.760009765625,329.1099853515625,330.79998779296875,122750000,330.79998779296875
1990-05-31,361.8399963378906,360.2300109863281,360.8599853515625,361.2300109863281,165690000,361.2300109863281
1990-06-30,359.0899963378906,357.29998779296875,357.6400146484375,358.0199890136719,145510000,358.0199890136719
1990-07-31,357.5400085449219,353.9100036621094,355.54998779296875,356.1499938964844,175380000,356.1499938964844
1990-08-31,322.57000732421875,316.5899963378906,318.7099914550781,322.55999755859375,96480000,322.55999755859375
1990-09-30,306.04998779296875,295.9800109863281,300.9700012207031,306.04998779296875,201010000,306.04998779296875
1990-10-31,305.70001220703125,302.3299865722656,304.05999755859375,304.0,156060000,304.0
1990-11-30,323.0199890136719,315.4200134277344,316.4200134277344,322.2200012207031,192350000,322.2200012207031
1990-12-31,330.2300109863281,327.5,328.7099914550781,330.2200012207031,114130000,330.2200012207031
1991-01-31,343.92999267578125,340.4700012207031,340.9200134277344,343.92999267578125,204520000,343.92999267578125
1991-02-28,369.9100036621094,365.95001220703125,367.7300109863281,367.07000732421875,223010000,367.07000732421875
1991-03-31,376.6000061035156,374.3999938964844,375.3500061035156,375.2200012207031,150750000,375.2200012207031
1991-04-30,377.8599853515625,373.010009765625,373.6600036621094,375.3399963378906,206230000,375.3399963378906
1991-05-31,389.8500061035156,385.010009765625,386.9599914550781,389.8299865722656,232040000,389.8299865722656
1991-06-30,374.3999938964844,367.9800109863281,374.3999938964844,371.1600036621094,163770000,371.1600036621094
1991-07-31,387.80999755859375,386.19000244140625,386.69000244140625,387.80999755859375,166830000,387.80999755859375
1991-08-31,396.4700012207031,393.6000061035156,396.4700012207031,395.42999267578125,143440000,395.42999267578125
1991-09-30,388.2900085449219,384.32000732421875,385.9100036621094,387.8599853515625,146780000,387.8599853515625
1991-10-31,392.9599914550781,391.5799865722656,392.9599914550781,392.45001220703125,179680000,392.45001220703125
1991-11-30,376.54998779296875,374.6499938964844,376.54998779296875,375.2200012207031,76830000,375.2200012207031
1991-12-31,418.32000732421875,412.7300109863281,415.1400146484375,417.0899963378906,247080000,417.0899963378906
1992-01-31,412.6300048828125,408.6400146484375,411.6499938964844,408.7799987792969,197620000,408.7799987792969
1992-02-29,416.07000732421875,411.79998779296875,413.8599853515625,412.70001220703125,202320000,412.70001220703125
1992-03-31,405.2099914550781,402.2200012207031,403.0,403.69000244140625,182360000,403.69000244140625
1992-04-30,414.95001220703125,412.0199890136719,412.0199890136719,414.95001220703125,223590000,414.95001220703125
1992-05-31,418.3599853515625,415.3500061035156,416.739990234375,415.3500061035156,204010000,415.3500061035156
1992-06-30,409.6300048828125,407.8500061035156,408.94000244140625,408.1400146484375,195530000,408.1400146484375
1992-07-31,424.79998779296875,422.4599914550781,423.9200134277344,424.2099914550781,172920000,424.2099914550781
1992-08-31,415.2900085449219,413.760009765625,414.8699951171875,414.0299987792969,161480000,414.0299987792969
1992-09-30,418.5799865722656,416.6700134277344,416.7900085449219,417.79998779296875,184470000,417.79998779296875
1992-10-31,421.1300048828125,418.5400085449219,420.8599853515625,418.67999267578125,201930000,418.67999267578125
1992-11-30,431.5299987792969,429.3599853515625,430.19000244140625,431.3500061035156,230150000,431.3500061035156
1992-12-31,439.5899963378906,435.7099914550781,438.82000732421875,435.7099914550781,165910000,435.7099914550781
1993-01-31,438.92999267578125,436.9100036621094,438.6700134277344,438.7799987792969,247200000,438.7799987792969
1993-02-28,443.7699890136719,440.9800109863281,442.3399963378906,443.3800048828125,234160000,443.3800048828125
1993-03-31,454.8800048828125,451.6700134277344,451.9700012207031,451.6700134277344,279190000,451.6700134277344
1993-04-30,442.2900085449219,438.8900146484375,438.8900146484375,440.19000244140625,247460000,440.19000244140625
1993-05-31,452.4100036621094,447.6700134277344,452.4100036621094,450.19000244140625,207820000,450.19000244140625
1993-06-30,451.4700012207031,450.1499938964844,450.69000244140625,450.5299987792969,281120000,450.5299987792969
1993-07-31,450.2200012207031,446.9800109863281,450.19000244140625,448.1300048828125,254420000,448.1300048828125
1993-08-31,463.55999755859375,461.2900085449219,461.8999938964844,463.55999755859375,252830000,463.55999755859375
1993-09-30,460.55999755859375,458.2799987792969,460.1099853515625,458.92999267578125,280980000,458.92999267578125
1993-10-31,468.20001220703125,467.3699951171875,467.7200012207031,467.8299865722656,270570000,467.8299865722656
1993-11-30,463.6199951171875,460.45001220703125,461.8999938964844,461.7900085449219,286660000,461.7900085449219
1993-12-31,470.75,466.45001220703125,468.6600036621094,466.45001220703125,168590000,466.45001220703125
1994-01-31,482.8500061035156,478.70001220703125,478.70001220703125,481.6099853515625,322870000,481.6099853515625
1994-02-28,469.1600036621094,466.07000732421875,466.07000732421875,467.1400146484375,268690000,467.1400146484375
1994-03-31,447.1600036621094,436.1600036621094,445.54998779296875,445.7699890136719,403580000,445.7699890136719
1994-04-30,451.3500061035156,447.9100036621094,449.07000732421875,450.9100036621094,293970000,450.9100036621094
1994-05-31,457.6099853515625,455.1600036621094,457.32000732421875,456.5,216700000,456.5
1994-06-30,448.6099853515625,443.6600036621094,447.6300048828125,444.2699890136719,293410000,444.2699890136719
1994-07-31,459.3299865722656,454.25,454.25,458.260009765625,269560000,458.260009765625
1994-08-31,477.5899963378906,474.42999267578125,476.07000732421875,475.489990234375,354650000,475.489990234375
1994-09-30,465.29998779296875,461.9100036621094,462.2699890136719,462.7099914550781,291900000,462.7099914550781
1994-10-31,474.739990234375,472.3299865722656,473.760009765625,472.3500061035156,302820000,472.3500061035156
1994-11-30,457.1300048828125,453.2699890136719,455.1700134277344,453.69000244140625,298650000,453.69000244140625
1994-12-31,462.1199951171875,459.239990234375,461.1700134277344,459.2699890136719,256260000,459.2699890136719
1995-01-31,471.0299987792969,468.17999267578125,468.510009765625,470.4200134277344,411590000,470.4200134277344
1995-02-28,487.44000244140625,483.7699890136719,483.80999755859375,487.3900146484375,317220000,487.3900146484375
1995-03-31,502.2200012207031,495.70001220703125,501.94000244140625,500.7099914550781,353060000,500.7099914550781
1995-04-30,515.2899780273438,510.8999938964844,513.6400146484375,514.7100219726562,320440000,514.7100219726562
1995-05-31,533.4099731445312,522.1699829101562,523.7000122070312,533.4000244140625,358180000,533.4000244140625
1995-06-30,546.8200073242188,543.510009765625,543.8699951171875,544.75,311650000,544.75
1995-07-31,563.489990234375,560.0599975585938,562.9299926757812,562.0599975585938,291950000,562.0599975585938
1995-08-31,562.3599853515625,560.489990234375,561.0900268554688,561.8800048828125,300920000,561.8800048828125
1995-09-30,587.6099853515625,584.0,585.8699951171875,584.4099731445312,335250000,584.4099731445312
1995-10-31,586.7100219726562,581.5,583.25,581.5,377390000,581.5
1995-11-30,608.6900024414062,605.3699951171875,607.6400146484375,605.3699951171875,440050000,605.3699951171875
1995-12-31,615.9299926757812,612.3599853515625,614.1199951171875,615.9299926757812,321250000,615.9299926757812
1996-01-31,636.1799926757812,629.47998046875,630.1500244140625,636.02001953125,472210000,636.02001953125
1996-02-29,646.9500122070312,639.010009765625,644.75,640.4299926757812,453170000,640.4299926757812
1996-03-31,650.9600219726562,644.8900146484375,648.9400024414062,645.5,413510000,645.5
1996-04-30,654.5900268554688,651.0499877929688,654.1599731445312,654.1699829101562,393390000,654.1699829101562
1996-05-31,673.4600219726562,667.0,671.7000122070312,669.1199951171875,351750000,669.1199951171875
1996-06-30,672.6799926757812,668.5499877929688,668.5499877929688,670.6300048828125,470460000,670.6300048828125
1996-07-31,640.5399780273438,633.739990234375,635.260009765625,639.9500122070312,403560000,639.9500122070312
1996-08-31,657.7100219726562,650.52001953125,657.4000244140625,651.989990234375,258380000,651.989990234375
1996-09-30,690.1099853515625,686.030029296875,686.1900024414062,687.3300170898438,388570000,687.3300170898438
1996-10-31,706.6099853515625,700.3499755859375,700.9000244140625,705.27001953125,482840000,705.27001953125
1996-11-30,758.27001953125,755.0,755.0,757.02001953125,14990000,757.02001953125
1996-12-31,753.9500122070312,740.739990234375,753.8499755859375,740.739990234375,399760000,740.739990234375
1997-01-31,791.8599853515625,784.1699829101562,784.1699829101562,786.1599731445312,578550000,786.1599731445312
1997-02-28,795.7000122070312,788.5,795.0700073242188,790.8200073242188,508280000,790.8200073242188
1997-03-31,773.8800048828125,756.1300048828125,773.8800048828125,757.1199951171875,555880000,757.1199951171875
1997-04-30,804.1300048828125,791.2100219726562,794.0499877929688,801.3400268554688,556070000,801.3400268554688
1997-05-31,851.8699951171875,831.8699951171875,844.0800170898438,848.280029296875,537200000,848.280029296875
1997-06-30,892.6199951171875,879.8200073242188,887.2999877929688,885.1400146484375,561540000,885.1400146484375
1997-07-31,957.72998046875,948.8900146484375,952.2899780273438,954.3099975585938,547830000,954.3099975585938
1997-08-31,907.280029296875,896.8200073242188,903.6699829101562,899.469970703125,413910000,899.469970703125
1997-09-30,955.1699829101562,947.280029296875,953.3400268554688,947.280029296875,587500000,947.280029296875
1997-10-31,919.9299926757812,903.6799926757812,903.6799926757812,914.6199951171875,638070000,914.6199951171875
1997-11-30,959.1300048828125,951.6400146484375,951.6400146484375,955.4000244140625,189070000,955.4000244140625
1997-12-31,975.02001953125,967.4099731445312,970.8400268554688,970.4299926757812,467280000,970.4299926757812
1998-01-31,987.4099731445312,979.6300048828125,985.489990234375,980.280029296875,613380000,980.280029296875
1998-02-28,1051.6600341796875,1044.4000244140625,1048.6700439453125,1049.3399658203125,574480000,1049.3399658203125
1998-03-31,1110.1300048828125,1093.550048828125,1093.550048828125,1101.75,674930000,1101.75
1998-04-30,1116.969970703125,1094.6300048828125,1094.6300048828125,1111.75,695600000,1111.75
1998-05-31,1104.1600341796875,1090.8199462890625,1097.5999755859375,1090.8199462890625,556780000,1090.8199462890625
1998-06-30,1140.800048828125,1131.97998046875,1138.489990234375,1133.8399658203125,757200000,1133.8399658203125
1998-07-31,1142.969970703125,1114.300048828125,1142.949951171875,1120.6700439453125,645910000,1120.6700439453125
1998-08-31,1033.469970703125,957.280029296875,1027.1400146484375,957.280029296875,917500000,957.280029296875
1998-09-30,1049.02001953125,1015.72998046875,1049.02001953125,1017.010009765625,800100000,1017.010009765625
1998-10-31,1103.780029296875,1085.9300537109375,1085.9300537109375,1098.6700439453125,785000000,1098.6700439453125
1998-11-30,1192.719970703125,1163.6300048828125,1192.3299560546875,1163.6300048828125,687900000,1163.6300048828125
1998-12-31,1237.1800537109375,1224.9599609375,1231.9300537109375,1229.22998046875,719200000,1229.22998046875
1999-01-31,1280.3699951171875,1255.1800537109375,1265.3699951171875,1279.6400146484375,917000000,1279.6400146484375
1999-02-28,1246.72998046875,1226.239990234375,1245.02001953125,1238.3299560546875,784600000,1238.3299560546875
1999-03-31,1313.5999755859375,1285.8699951171875,1300.75,1286.3699951171875,924300000,1286.3699951171875
1999-04-30,1351.8299560546875,1314.5799560546875,1342.8299560546875,1335.1800537109375,936500000,1335.1800537109375
1999-05-31,1304.0,1281.4100341796875,1281.4100341796875,1301.8399658203125,649960000,1301.8399658203125
1999-06-30,1372.9300537109375,1338.780029296875,1351.449951171875,1372.7099609375,1117000000,1372.7099609375
1999-07-31,1350.9200439453125,1328.489990234375,1341.030029296875,1328.719970703125,736800000,1328.719970703125
1999-08-31,1333.27001953125,1306.9599609375,1324.02001953125,1320.4100341796875,861700000,1320.4100341796875
1999-09-30,1291.31005859375,1268.3699951171875,1268.3699951171875,1282.7099609375,1017600000,1282.7099609375
1999-10-31,1373.1700439453125,1342.43994140625,1342.43994140625,1362.9300537109375,1120500000,1362.9300537109375
1999-11-30,1410.5899658203125,1386.949951171875,1407.8299560546875,1388.9100341796875,951500000,1388.9100341796875
1999-12-31,1472.4200439453125,1458.18994140625,1464.469970703125,1469.25,374050000,1469.25
2000-01-31,1394.47998046875,1350.1400146484375,1360.1600341796875,1394.4599609375,993800000,1394.4599609375
2000-02-29,1369.6300048828125,1348.050048828125,1348.050048828125,1366.4200439453125,1204300000,1366.4200439453125
2000-03-31,1519.81005859375,1484.3800048828125,1487.9200439453125,1498.5799560546875,1227400000,1498.5799560546875
2000-04-30,1473.6199951171875,1448.1500244140625,1464.9200439453125,1452.4300537109375,984600000,1452.4300537109375
2000-05-31,1434.489990234375,1415.5,1422.43994140625,1420.5999755859375,960500000,1420.5999755859375
2000-06-30,1454.6800537109375,1438.7099609375,1442.3900146484375,1454.5999755859375,1459700000,1454.5999755859375
2000-07-31,1437.6500244140625,1418.7099609375,1419.8900146484375,1430.8299560546875,952600000,1430.8299560546875
2000-08-31,1525.2099609375,1502.5899658203125,1502.5899658203125,1517.6800537109375,1056600000,1517.6800537109375
2000-09-30,1458.2900390625,1436.2900390625,1458.2900390625,1436.510009765625,1197100000,1436.510009765625
2000-10-31,1432.219970703125,1398.6600341796875,1398.6600341796875,1429.4000244140625,1366400000,1429.4000244140625
2000-11-30,1341.9100341796875,1294.9000244140625,1341.9100341796875,1314.949951171875,1186530000,1314.949951171875
2000-12-31,1340.0999755859375,1317.510009765625,1334.219970703125,1320.280029296875,1035500000,1320.280029296875
2001-01-31,1383.3699951171875,1364.6600341796875,1373.72998046875,1366.010009765625,1295300000,1366.010009765625
2001-02-28,1263.469970703125,1229.6500244140625,1257.93994140625,1239.93994140625,1225300000,1239.93994140625
2001-03-31,1162.800048828125,1143.8299560546875,1147.949951171875,1160.3299560546875,1280800000,1160.3299560546875
2001-04-30,1269.300048828125,1243.989990234375,1253.050048828125,1249.4599609375,1266800000,1249.4599609375
2001-05-31,1261.9100341796875,1248.0699462890625,1248.0799560546875,1255.8199462890625,1226600000,1255.8199462890625
2001-06-30,1237.2900390625,1221.1400146484375,1226.199951171875,1224.3800048828125,1832360000,1224.3800048828125
2001-07-31,1222.739990234375,1204.52001953125,1204.52001953125,1211.22998046875,1129200000,1211.22998046875
2001-08-31,1141.8299560546875,1126.3800048828125,1129.030029296875,1133.5799560546875,920100000,1133.5799560546875
2001-09-30,1040.93994140625,1018.6099853515625,1018.6099853515625,1040.93994140625,1631500000,1040.93994140625
2001-10-31,1074.7900390625,1057.550048828125,1059.7900390625,1059.780029296875,1352500000,1059.780029296875
2001-11-30,1143.5699462890625,1135.8900146484375,1140.199951171875,1139.449951171875,1343600000,1139.449951171875
2001-12-31,1161.1600341796875,1148.0400390625,1161.02001953125,1148.0799560546875,943600000,1148.0799560546875
2002-01-31,1130.2099609375,1113.300048828125,1113.5699462890625,1130.199951171875,1557000000,1130.199951171875
2002-02-28,1121.5699462890625,1106.72998046875,1109.8900146484375,1106.72998046875,1392200000,1106.72998046875
2002-03-31,1154.449951171875,1144.5799560546875,1144.5799560546875,1147.3900146484375,1147600000,1147.3900146484375
2002-04-30,1082.6199951171875,1063.4599609375,1065.449951171875,1076.9200439453125,1628600000,1076.9200439453125
2002-05-31,1079.9300537109375,1064.6600341796875,1064.6600341796875,1067.1400146484375,1277300000,1067.1400146484375
2002-06-30,1001.7899780273438,988.3099975585938,990.6400146484375,989.8200073242188,2117000000,989.8200073242188
2002-07-31,911.6400146484375,889.8800048828125,902.780029296875,911.6199951171875,2049360000,911.6199951171875
2002-08-31,928.1500244140625,910.1699829101562,917.7999877929688,916.0700073242188,929900000,916.0700073242188
2002-09-30,827.3699951171875,800.2000122070312,827.3699951171875,815.280029296875,1721870000,815.280029296875
2002-10-31,898.8300170898438,879.75,890.7100219726562,885.760009765625,1641300000,885.760009765625
2002-11-30,941.8200073242188,935.5800170898438,938.8699951171875,936.3099975585938,643460000,936.3099975585938
2002-12-31,881.9299926757812,869.4500122070312,879.3900146484375,879.8200073242188,1088500000,879.8200073242188
2003-01-31,858.3300170898438,840.3400268554688,844.6099853515625,855.7000122070312,1578530000,855.7000122070312
2003-02-28,847.0,837.280029296875,837.280029296875,841.1500244140625,1373300000,841.1500244140625
2003-03-31,863.5,843.6799926757812,863.5,848.1799926757812,1495500000,848.1799926757812
2003-04-30,922.010009765625,911.7000122070312,917.8400268554688,916.9199829101562,1788510000,916.9199829101562
2003-05-31,965.3800048828125,949.6400146484375,949.6400146484375,963.5900268554688,1688800000,963.5900268554688
2003-06-30,983.6099853515625,973.5999755859375,976.219970703125,974.5,1587200000,974.5
2003-07-31,1004.5900268554688,987.489990234375,987.489990234375,990.3099975585938,1608000000,990.3099975585938
2003-08-31,1008.8499755859375,999.52001953125,1002.8400268554688,1008.010009765625,945100000,1008.010009765625
2003-09-30,1006.5800170898438,990.3599853515625,1006.5800170898438,995.969970703125,1590500000,995.969970703125
2003-10-31,1053.0899658203125,1046.93994140625,1046.93994140625,1050.7099609375,1498900000,1050.7099609375
2003-11-30,1060.6300048828125,1056.77001953125,1058.449951171875,1058.199951171875,487220000,1058.199951171875
2003-12-31,1112.56005859375,1106.2099609375,1109.6400146484375,1111.9200439453125,1027500000,1111.9200439453125
2004-01-31,1134.1700439453125,1127.72998046875,1134.1099853515625,1131.1300048828125,1635000000,1131.1300048828125
2004-02-29,1151.6800537109375,1141.800048828125,1145.800048828125,1144.93994140625,1540400000,1144.93994140625
2004-03-31,1130.8299560546875,1121.4599609375,1127.0,1126.2099609375,1560700000,1126.2099609375
2004-04-30,1119.260009765625,1107.22998046875,1113.8900146484375,1107.300048828125,1634700000,1107.300048828125
2004-05-31,1122.68994140625,1118.0999755859375,1121.280029296875,1120.6800537109375,1172600000,1120.6800537109375
2004-06-30,1144.199951171875,1133.6199951171875,1136.199951171875,1140.8399658203125,1473800000,1140.8399658203125
2004-07-31,1103.72998046875,1096.9599609375,1100.4300537109375,1101.719970703125,1298200000,1101.719970703125
2004-08-31,1104.239990234375,1094.719970703125,1099.1500244140625,1104.239990234375,1138200000,1104.239990234375
2004-09-30,1116.31005859375,1109.6800537109375,1114.800048828125,1114.5799560546875,1748000000,1114.5799560546875
2004-10-31,1131.4000244140625,1124.6199951171875,1127.43994140625,1130.199951171875,1500800000,1130.199951171875
2004-11-30,1178.6600341796875,1173.81005859375,1178.5699462890625,1173.8199462890625,1553500000,1173.8199462890625
2004-12-31,1217.3299560546875,1211.6500244140625,1213.550048828125,1211.9200439453125,786900000,1211.9200439453125
2005-01-31,1182.0699462890625,1171.3599853515625,1171.3599853515625,1181.27001953125,1679800000,1181.27001953125
2005-02-28,1211.3699951171875,1198.1300048828125,1211.3699951171875,1203.5999755859375,1795480000,1203.5999755859375
2005-03-31,1184.530029296875,1179.489990234375,1181.4100341796875,1180.5899658203125,2214230000,1180.5899658203125
2005-04-30,1156.969970703125,1139.18994140625,1143.219970703125,1156.8499755859375,2362360000,1156.8499755859375
2005-05-31,1198.780029296875,1191.5,1198.780029296875,1191.5,1840680000,1191.5
2005-06-30,1203.27001953125,1190.510009765625,1199.8499755859375,1191.3299560546875,2109490000,1191.3299560546875
2005-07-31,1245.0400390625,1234.1800537109375,1243.719970703125,1234.1800537109375,1789600000,1234.1800537109375
2005-08-31,1220.3599853515625,1204.4000244140625,1208.4100341796875,1220.3299560546875,2365510000,1220.3299560546875
2005-09-30,1229.5699462890625,1225.219970703125,1227.6800537109375,1228.81005859375,2097520000,1228.81005859375
2005-10-31,1211.4300537109375,1198.4100341796875,1198.4100341796875,1207.010009765625,2567470000,1207.010009765625
2005-11-30,1260.9300537109375,1249.3900146484375,1257.47998046875,1249.47998046875,2374690000,1249.47998046875
2005-12-31,1254.4200439453125,1246.5899658203125,1254.4200439453125,1248.2900390625,1443500000,1248.2900390625
2006-01-31,1285.199951171875,1276.8499755859375,1285.199951171875,1280.0799560546875,2708310000,1280.0799560546875
2006-02-28,1294.1199951171875,1278.6600341796875,1294.1199951171875,1280.6600341796875,2370860000,1280.6600341796875
2006-03-31,1303.0,1294.8699951171875,1300.25,1294.8699951171875,2236710000,1294.8699951171875
2006-04-30,1316.0400390625,1306.1600341796875,1309.719970703125,1310.6099853515625,2419920000,1310.6099853515625
2006-05-31,1270.0899658203125,1259.3800048828125,1259.3800048828125,1270.0899658203125,2692160000,1270.0899658203125
2006-06-30,1276.300048828125,1270.199951171875,1272.8599853515625,1270.199951171875,3049560000,1270.199951171875
2006-07-31,1278.6600341796875,1274.31005859375,1278.530029296875,1276.6600341796875,2461300000,1276.6600341796875
2006-08-31,1306.1099853515625,1302.449951171875,1304.25,1303.8199462890625,1974540000,1303.8199462890625
2006-09-30,1339.8800048828125,1335.6400146484375,1339.1500244140625,1335.8499755859375,2273430000,1335.8499755859375
2006-10-31,1381.2099609375,1372.18994140625,1377.9300537109375,1377.93994140625,2803030000,1377.93994140625
2006-11-30,1406.300048828125,1393.8299560546875,1399.469970703125,1400.6300048828125,4006230000,1400.6300048828125
2006-12-31,1427.0,1416.8399658203125,1424.7099609375,1418.300048828125,1678200000,1418.300048828125
2007-01-31,1441.6099853515625,1424.780029296875,1428.6500244140625,1438.239990234375,2976690000,1438.239990234375
2007-02-28,1415.8900146484375,1396.6500244140625,1398.6400146484375,1406.8199462890625,3925250000,1406.8199462890625
2007-03-31,1429.219970703125,1408.9000244140625,1422.52001953125,1420.8599853515625,2903960000,1420.8599853515625
2007-04-30,1497.1600341796875,1482.2900390625,1494.0699462890625,1482.3699951171875,3093420000,1482.3699951171875
2007-05-31,1535.56005859375,1528.260009765625,1530.18994140625,1530.6199951171875,3335530000,1530.6199951171875
2007-06-30,1517.530029296875,1493.6099853515625,1505.699951171875,1503.3499755859375,3165410000,1503.3499755859375
2007-07-31,1488.300048828125,1454.25,1473.9000244140625,1455.27001953125,4524520000,1455.27001953125
2007-08-31,1481.469970703125,1457.6099853515625,1457.6099853515625,1473.989990234375,2731610000,1473.989990234375
2007-09-30,1533.739990234375,1521.989990234375,1531.239990234375,1526.75,2925350000,1526.75
2007-10-31,1552.760009765625,1529.4000244140625,1532.1500244140625,1549.3800048828125,3953070000,1549.3800048828125
2007-11-30,1488.93994140625,1470.8900146484375,1471.8299560546875,1481.1400146484375,4422200000,1481.1400146484375
2007-12-31,1475.8299560546875,1465.1300048828125,1475.25,1468.3599853515625,2440880000,1468.3599853515625
2008-01-31,1385.6199951171875,1334.0799560546875,1351.97998046875,1378.550048828125,4970290000,1378.550048828125
2008-02-29,1364.0699462890625,1325.4200439453125,1364.0699462890625,1330.6300048828125,4426730000,1330.6300048828125
2008-03-31,1328.52001953125,1312.81005859375,1315.9200439453125,1322.699951171875,4188990000,1322.699951171875
2008-04-30,1404.5699462890625,1384.25,1391.219970703125,1385.5899658203125,4508890000,1385.5899658203125
2008-05-31,1404.4599609375,1398.0799560546875,1398.3599853515625,1400.3800048828125,3845630000,1400.3800048828125
2008-06-30,1290.31005859375,1274.8599853515625,1278.06005859375,1280.0,5032330000,1280.0
2008-07-31,1284.9300537109375,1265.969970703125,1281.3699951171875,1267.3800048828125,5346050000,1267.3800048828125
2008-08-31,1297.5899658203125,1282.739990234375,1296.489990234375,1282.8299560546875,3288120000,1282.8299560546875
2008-09-30,1168.030029296875,1113.780029296875,1113.780029296875,1166.3599853515625,4937680000,1166.3599853515625
2008-10-31,984.3800048828125,944.5900268554688,953.1099853515625,968.75,6394350000,968.75
2008-11-30,896.25,881.2100219726562,886.8900146484375,896.239990234375,2740860000,896.239990234375
2008-12-31,910.3200073242188,889.6699829101562,890.5900268554688,903.25,4172940000,903.25
2009-01-31,851.6599731445312,821.6699829101562,845.6900024414062,825.8800048828125,5350580000,825.8800048828125
2009-02-28,751.27001953125,734.52001953125,749.9299926757812,735.0900268554688,8926480000,735.0900268554688
2009-03-31,810.47998046875,790.8800048828125,790.8800048828125,797.8699951171875,6089100000,797.8699951171875
2009-04-30,888.7000122070312,868.510009765625,876.5900268554688,872.8099975585938,6862540000,872.8099975585938
2009-05-31,920.02001953125,903.5599975585938,907.02001953125,919.1400146484375,6050420000,919.1400146484375
2009-06-30,930.010009765625,912.8599853515625,927.1500244140625,919.3200073242188,4627570000,919.3200073242188
2009-07-31,993.1799926757812,982.8499755859375,986.7999877929688,987.47998046875,5139070000,987.47998046875
2009-08-31,1025.2099609375,1014.6199951171875,1025.2099609375,1020.6199951171875,5004560000,1020.6199951171875
2009-09-30,1063.4000244140625,1046.469970703125,1061.02001953125,1057.0799560546875,5998860000,1057.0799560546875
2009-10-31,1065.4100341796875,1033.3800048828125,1065.4100341796875,1036.18994140625,6512420000,1036.18994140625
2009-11-30,1097.239990234375,1086.25,1091.0699462890625,1095.6300048828125,3895520000,1095.6300048828125
2009-12-31,1127.6400146484375,1114.81005859375,1126.5999755859375,1115.0999755859375,2076990000,1115.0999755859375
2010-01-31,1096.449951171875,1071.5899658203125,1087.6099853515625,1073.8699951171875,5412850000,1073.8699951171875
2010-02-28,1107.239990234375,1097.56005859375,1103.0999755859375,1104.489990234375,3945190000,1104.489990234375
2010-03-31,1174.56005859375,1165.77001953125,1171.75,1169.4300537109375,4484340000,1169.4300537109375
2010-04-30,1207.989990234375,1186.3199462890625,1206.77001953125,1186.68994140625,6048260000,1186.68994140625
2010-05-31,1102.5899658203125,1084.780029296875,1102.5899658203125,1089.4100341796875,4871210000,1089.4100341796875
2010-06-30,1048.0799560546875,1028.3299560546875,1040.56005859375,1030.7099609375,5067080000,1030.7099609375
2010-07-31,1106.43994140625,1088.010009765625,1098.43994140625,1101.5999755859375,4006450000,1101.5999755859375
2010-08-31,1055.1400146484375,1040.8800048828125,1046.8800048828125,1049.3299560546875,4038770000,1049.3299560546875
2010-09-30,1157.1600341796875,1136.0799560546875,1145.969970703125,1141.199951171875,4284160000,1141.199951171875
2010-10-31,1185.4599609375,1179.699951171875,1183.8699951171875,1183.260009765625,3537880000,1183.260009765625
2010-11-30,1187.4000244140625,1174.1400146484375,1182.9599609375,1180.550048828125,4284700000,1180.550048828125
2010-12-31,1259.3399658203125,1254.18994140625,1256.760009765625,1257.6400146484375,1799770000,1257.6400146484375
2011-01-31,1287.1700439453125,1276.5,1276.5,1286.1199951171875,4167160000,1286.1199951171875
2011-02-28,1329.3800048828125,1320.550048828125,1321.6099853515625,1327.219970703125,1252850000,1327.219970703125
2011-03-31,1329.77001953125,1325.030029296875,1327.43994140625,1325.8299560546875,3566270000,1325.8299560546875
2011-04-30,1364.56005859375,1358.68994140625,1360.1400146484375,1363.6099853515625,3479070000,1363.6099853515625
2011-05-31,1345.199951171875,1331.0999755859375,1331.0999755859375,1345.199951171875,4696240000,1345.199951171875
2011-06-30,1321.969970703125,1307.6400146484375,1307.6400146484375,1320.6400146484375,4200500000,1320.6400146484375
2011-07-31,1304.1600341796875,1282.8599853515625,1300.1199951171875,1292.280029296875,5061190000,1292.280029296875
2011-08-31,1230.7099609375,1209.3499755859375,1213.0,1218.8900146484375,5267840000,1218.8900146484375
2011-09-30,1159.9300537109375,1131.3399658203125,1159.9300537109375,1131.4200439453125,4416790000,1131.4200439453125
2011-10-31,1284.9599609375,1253.1600341796875,1284.9599609375,1253.300048828125,4310210000,1253.300048828125
2011-11-30,1247.1099853515625,1196.719970703125,1196.719970703125,1246.9599609375,5801910000,1246.9599609375
2011-12-31,1264.1199951171875,1257.4599609375,1262.8199462890625,1257.5999755859375,2271850000,1257.5999755859375
2012-01-31,1321.4100341796875,1306.68994140625,1313.530029296875,1312.4100341796875,4235550000,1312.4100341796875
2012-02-29,1378.0400390625,1363.81005859375,1372.199951171875,1365.6800537109375,4482370000,1365.6800537109375
2012-03-31,1410.8900146484375,1401.4200439453125,1403.31005859375,1408.469970703125,3676890000,1408.469970703125
2012-04-30,1403.260009765625,1394.0,1403.260009765625,1397.9100341796875,3574010000,1397.9100341796875
2012-05-31,1319.739990234375,1298.9000244140625,1313.0899658203125,1310.3299560546875,4557620000,1310.3299560546875
2012-06-30,1362.1700439453125,1330.1199951171875,1330.1199951171875,1362.1600341796875,4590480000,1362.1600341796875
2012-07-31,1387.1600341796875,1379.1700439453125,1385.27001953125,1379.3199462890625,3821570000,1379.3199462890625
2012-08-31,1413.0899658203125,1398.9599609375,1400.0699462890625,1406.5799560546875,2938250000,1406.5799560546875
2012-09-30,1447.1300048828125,1435.5999755859375,1447.1300048828125,1440.6700439453125,3509230000,1440.6700439453125
2012-10-31,1418.760009765625,1405.949951171875,1410.989990234375,1412.1600341796875,3577110000,1412.1600341796875
2012-11-30,1418.8599853515625,1411.6300048828125,1415.949951171875,1416.1800537109375,3966000000,1416.1800537109375
2012-12-31,1426.739990234375,1398.1099853515625,1402.4300537109375,1426.18994140625,3204330000,1426.18994140625
2013-01-31,1504.18994140625,1496.760009765625,1501.9599609375,1498.1099853515625,3999880000,1498.1099853515625
2013-02-28,1525.3399658203125,1514.4599609375,1515.989990234375,1514.6800537109375,3912320000,1514.6800537109375
2013-03-31,1570.280029296875,1561.0799560546875,1562.8599853515625,1569.18994140625,3304440000,1569.18994140625
2013-04-30,1597.5699462890625,1586.5,1593.5799560546875,1597.5699462890625,3745070000,1597.5699462890625
2013-05-31,1658.989990234375,1630.739990234375,1652.1300048828125,1630.739990234375,4099600000,1630.739990234375
2013-06-30,1615.93994140625,1601.06005859375,1611.1199951171875,1606.280029296875,4977190000,1606.280029296875
2013-07-31,1698.4300537109375,1684.93994140625,1687.760009765625,1685.72998046875,3847390000,1685.72998046875
2013-08-31,1640.0799560546875,1628.050048828125,1638.8900146484375,1632.969970703125,2734300000,1632.969970703125
2013-09-30,1687.260009765625,1674.989990234375,1687.260009765625,1681.550048828125,3308630000,1681.550048828125
2013-10-31,1768.530029296875,1755.719970703125,1763.239990234375,1756.5400390625,3826530000,1756.5400390625
2013-11-30,1813.550048828125,1803.97998046875,1808.68994140625,1805.81005859375,1598300000,1805.81005859375
2013-12-31,1849.43994140625,1842.4100341796875,1842.6099853515625,1848.3599853515625,2312840000,1848.3599853515625
2014-01-31,1793.8800048828125,1772.260009765625,1790.8800048828125,1782.5899658203125,4059690000,1782.5899658203125
2014-02-28,1867.9200439453125,1847.6700439453125,1855.1199951171875,1859.449951171875,3917450000,1859.449951171875
2014-03-31,1875.1800537109375,1859.1600341796875,1859.1600341796875,1872.3399658203125,3274300000,1872.3399658203125
2014-04-30,1885.199951171875,1872.68994140625,1877.0999755859375,1883.949951171875,3779230000,1883.949951171875
2014-05-31,1924.030029296875,1916.6400146484375,1920.3299560546875,1923.5699462890625,3263490000,1923.5699462890625
2014-06-30,1964.239990234375,1958.219970703125,1960.7900390625,1960.22998046875,3037350000,1960.22998046875
2014-07-31,1965.1400146484375,1930.6700439453125,1965.1400146484375,1930.6700439453125,4193000000,1930.6700439453125
2014-08-31,2003.3800048828125,1994.6500244140625,1998.449951171875,2003.3699951171875,2259130000,2003.3699951171875
2014-09-30,1985.1700439453125,1968.9599609375,1978.2099609375,1972.2900390625,3951100000,1972.2900390625
2014-10-31,2018.18994140625,2001.199951171875,2001.199951171875,2018.050048828125,4292290000,2018.050048828125
2014-11-30,2075.760009765625,2065.06005859375,2074.780029296875,2067.56005859375,2504640000,2067.56005859375
2014-12-31,2085.580078125,2057.93994140625,2082.110107421875,2058.89990234375,2606070000,2058.89990234375
2015-01-31,2023.3199462890625,1993.3800048828125,2019.3499755859375,1994.989990234375,4568650000,1994.989990234375
2015-02-28,2112.739990234375,2103.75,2110.8798828125,2104.5,3547380000,2104.5
2015-03-31,2084.050048828125,2067.0400390625,2084.050048828125,2067.889892578125,3376550000,2067.889892578125
2015-04-30,2105.52001953125,2077.590087890625,2105.52001953125,2085.510009765625,4509680000,2085.510009765625
2015-05-31,2120.659912109375,2104.889892578125,2120.659912109375,2107.389892578125,3927390000,2107.389892578125
2015-06-30,2074.280029296875,2056.320068359375,2061.18994140625,2063.110107421875,4078540000,2063.110107421875
2015-07-31,2114.239990234375,2102.070068359375,2111.60009765625,2103.840087890625,3681340000,2103.840087890625
2015-08-31,1986.72998046875,1965.97998046875,1986.72998046875,1972.1800537109375,3915100000,1972.1800537109375
2015-09-30,1920.530029296875,1887.1400146484375,1887.1400146484375,1920.030029296875,4525070000,1920.030029296875
2015-10-31,2094.320068359375,2079.340087890625,2090.0,2079.360107421875,4256200000,2079.360107421875
2015-11-30,2093.81005859375,2080.409912109375,2090.949951171875,2080.409912109375,4275030000,2080.409912109375
2015-12-31,2062.5400390625,2043.6199951171875,2060.590087890625,2043.93994140625,2655330000,2043.93994140625
2016-01-31,1940.239990234375,1894.0,1894.0,1940.239990234375,5497570000,1940.239990234375
2016-02-29,1958.27001953125,1931.81005859375,1947.1300048828125,1932.22998046875,4588180000,1932.22998046875
2016-03-31,2067.919921875,2057.4599609375,2063.77001953125,2059.739990234375,3715280000,2059.739990234375
2016-04-30,2073.85009765625,2052.280029296875,2071.820068359375,2065.300048828125,4704720000,2065.300048828125
2016-05-31,2103.47998046875,2088.659912109375,2100.1298828125,2096.949951171875,4514410000,2096.949951171875
2016-06-30,2098.93994140625,2070.0,2073.169921875,2098.860107421875,4622820000,2098.860107421875
2016-07-31,2177.090087890625,2163.489990234375,2168.830078125,2173.60009765625,4038840000,2173.60009765625
2016-08-31,2173.7900390625,2161.35009765625,2173.56005859375,2170.949951171875,3766390000,2170.949951171875
2016-09-30,2175.300048828125,2156.510009765625,2156.510009765625,2168.27001953125,4173340000,2168.27001953125
2016-10-31,2133.25,2125.530029296875,2129.780029296875,2126.14990234375,3922400000,2126.14990234375
2016-11-30,2214.10009765625,2198.81005859375,2204.969970703125,2198.81005859375,5533980000,2198.81005859375
2016-12-31,2253.580078125,2233.6201171875,2251.610107421875,2238.830078125,2670900000,2238.830078125
2017-01-31,2279.090087890625,2267.2099609375,2274.02001953125,2278.8701171875,4087450000,2278.8701171875
2017-02-28,2367.7900390625,2358.9599609375,2366.080078125,2363.639892578125,4210140000,2363.639892578125
2017-03-31,2370.35009765625,2362.60009765625,2364.820068359375,2362.719970703125,3354110000,2362.719970703125
2017-04-30,2393.679931640625,2382.360107421875,2393.679931640625,2384.199951171875,3718270000,2384.199951171875
2017-05-31,2415.989990234375,2403.590087890625,2415.6298828125,2411.800048828125,4516110000,2411.800048828125
2017-06-30,2432.7099609375,2421.64990234375,2429.199951171875,2423.409912109375,3361590000,2423.409912109375
2017-07-31,2477.9599609375,2468.530029296875,2475.93994140625,2470.300048828125,3469210000,2470.300048828125
2017-08-31,2475.010009765625,2462.64990234375,2462.64990234375,2471.64990234375,3348110000,2471.64990234375
2017-09-30,2519.43994140625,2507.989990234375,2509.9599609375,2519.360107421875,3211920000,2519.360107421875
2017-10-31,2578.2900390625,2572.14990234375,2575.989990234375,2575.260009765625,3827230000,2575.260009765625
2017-11-30,2657.739990234375,2633.929931640625,2633.929931640625,2647.580078125,4938490000,2647.580078125
2017-12-31,2692.1201171875,2673.610107421875,2689.14990234375,2673.610107421875,2443490000,2673.610107421875
2018-01-31,2839.260009765625,2813.0400390625,2832.409912109375,2823.81005859375,4261280000,2823.81005859375
2018-02-28,2761.52001953125,2713.5400390625,2753.780029296875,2713.830078125,4230660000,2713.830078125
2018-03-31,2659.070068359375,2609.719970703125,2614.409912109375,2640.8701171875,3565990000,2640.8701171875
2018-04-30,2682.8701171875,2648.0400390625,2682.510009765625,2648.050048828125,3734530000,2648.050048828125
2018-05-31,2722.5,2700.679931640625,2720.97998046875,2705.27001953125,4235370000,2705.27001953125
2018-06-30,2743.260009765625,2718.030029296875,2727.1298828125,2718.3701171875,3565620000,2718.3701171875
2018-07-31,2824.4599609375,2808.06005859375,2809.72998046875,2816.2900390625,3892100000,2816.2900390625
2018-08-31,2906.320068359375,2891.72998046875,2898.3701171875,2901.52001953125,2880260000,2901.52001953125
2018-09-30,2920.530029296875,2907.5,2910.030029296875,2913.97998046875,3432300000,2913.97998046875
2018-10-31,2736.68994140625,2705.60009765625,2705.60009765625,2711.739990234375,5112420000,2711.739990234375
2018-11-30,2760.8798828125,2732.760009765625,2737.760009765625,2760.169921875,4658580000,2760.169921875
2018-12-31,2509.239990234375,2482.820068359375,2498.93994140625,2506.85009765625,3442870000,2506.85009765625
2019-01-31,2708.949951171875,2678.64990234375,2685.489990234375,2704.10009765625,4917650000,2704.10009765625
2019-02-28,2793.72998046875,2782.510009765625,2788.110107421875,2784.489990234375,4396930000,2784.489990234375
2019-03-31,2836.030029296875,2819.22998046875,2828.27001953125,2834.39990234375,3740700000,2834.39990234375
2019-04-30,2948.219970703125,2924.110107421875,2937.139892578125,2945.830078125,3919330000,2945.830078125
2019-05-31,2768.97998046875,2750.52001953125,2766.14990234375,2752.06005859375,3981020000,2752.06005859375
2019-06-30,2943.97998046875,2929.050048828125,2932.93994140625,2941.760009765625,5420700000,2941.760009765625
2019-07-31,3017.39990234375,2958.080078125,3016.219970703125,2980.3798828125,4623430000,2980.3798828125
2019-08-31,2940.429931640625,2913.320068359375,2937.090087890625,2926.4599609375,3008450000,2926.4599609375
2019-09-30,2983.85009765625,2967.070068359375,2967.070068359375,2976.739990234375,3247610000,2976.739990234375
2019-10-31,3046.89990234375,3023.18994140625,3046.89990234375,3037.56005859375,4139280000,3037.56005859375
2019-11-30,3150.300048828125,3139.340087890625,3147.179931640625,3140.97998046875,1743020000,3140.97998046875
2019-12-31,3231.719970703125,3212.030029296875,3215.179931640625,3230.780029296875,2893810000,3230.780029296875
2020-01-31,3282.330078125,3214.679931640625,3282.330078125,3225.52001953125,4527830000,3225.52001953125
2020-02-29,2959.719970703125,2855.840087890625,2916.89990234375,2954.219970703125,8563850000,2954.219970703125
2020-03-31,2641.389892578125,2571.14990234375,2614.68994140625,2584.590087890625,6568290000,2584.590087890625
2020-04-30,2930.909912109375,2892.469970703125,2930.909912109375,2912.429931640625,6523120000,2912.429931640625
2020-05-31,3049.169921875,2998.610107421875,3025.169921875,3044.31005859375,7275080000,3044.31005859375
2020-06-30,3111.510009765625,3047.830078125,3050.199951171875,3100.2900390625,4696280000,3100.2900390625
2020-07-31,3272.169921875,3220.260009765625,3270.449951171875,3271.1201171875,5117260000,3271.1201171875
2020-08-31,3514.77001953125,3493.25,3509.72998046875,3500.31005859375,4342290000,3500.31005859375
2020-09-30,3393.56005859375,3340.469970703125,3341.2099609375,3363.0,4722530000,3363.0
2020-10-31,3304.929931640625,3233.93994140625,3293.590087890625,3269.9599609375,4840450000,3269.9599609375
2020-11-30,3634.179931640625,3594.389892578125,3634.179931640625,3621.6298828125,6291400000,3621.6298828125
2020-12-31,3760.199951171875,3726.8798828125,3733.27001953125,3756.070068359375,3172510000,3756.070068359375
2021-01-31,3778.050048828125,3694.1201171875,3778.050048828125,3714.239990234375,6612570000,3714.239990234375
2021-02-28,3861.080078125,3789.5400390625,3839.659912109375,3811.14990234375,6512950000,3811.14990234375
2021-03-31,3994.409912109375,3966.97998046875,3967.25,3972.889892578125,4564980000,3972.889892578125
2021-04-30,4198.10009765625,4174.85009765625,4198.10009765625,4181.169921875,4273680000,4181.169921875
2021-05-31,4218.35986328125,4203.56982421875,4210.77001953125,4204.10986328125,4199270000,4204.10986328125
2021-06-30,4302.43017578125,4287.9599609375,4290.64990234375,4297.5,3687880000,4297.5
2021-07-31,4412.25,4389.64990234375,4395.1201171875,4395.259765625,2861600000,4395.259765625
2021-08-31,4531.39013671875,4515.7998046875,4529.75,4522.68017578125,3090380000,4522.68017578125
2021-09-30,4382.5498046875,4306.240234375,4370.669921875,4307.5400390625,3123770000,4307.5400390625
2021-10-31,4608.080078125,4567.58984375,4572.8701171875,4605.3798828125,3632260000,4605.3798828125
2021-11-30,4646.02001953125,4560.0,4640.25,4567.0,4950190000,4567.0
2021-12-31,4786.830078125,4765.75,4775.2099609375,4766.18017578125,2446190000,4766.18017578125
